Age,Annual_Income,Credit_Score,Loan_Approved
19,138940.86,819,1
34,243552.7,367,0
28,44579.66,639,1
20,63932.75,520,1
49,16050.55,585,1
30,42188.21,716,1
27,26401.71,580,0
45,98788.66,761,1
22,87976.16,723,1
21,121749.71,849,1
36,97584.15,569,1
43,74359.8,444,1
41,38614.15,640,1
31,57297.9,424,1
25,26437.32,742,0
50,24223.71,329,1
68,37265.07,828,0
44,33199.07,586,1
36,44795.55,477,0
42,17797.6,320,0
31,20629.01,501,1
36,136987.92,615,1
30,25477.91,520,0
33,88174.84,660,1
36,49395.29,330,0
37,15287.1,521,0
32,24955.06,410,1
52,53670.83,304,0
33,44408.12,466,0
41,23018.27,323,0
45,58007.1,454,0
48,26504.12,316,0
21,39777.33,661,0
39,74004.03,464,0
42,25789.84,339,0
38,134705.04,336,0
31,67396.41,527,0
48,37494.53,626,0
28,64830.45,442,1
38,38894.83,599,0
32,44484.92,781,1
42,35027.83,635,1
43,86837.71,619,1
19,45655.4,301,1
18,51767.6,469,0
32,74022.1,832,1
31,37652.55,397,0
38,62954.09,412,1
41,26289.26,581,0
23,42008.0,758,1
27,45016.67,569,0
34,19153.11,453,0
62,59152.15,669,0
20,63435.35,409,0
35,47004.19,737,1
40,74174.77,457,1
43,38271.49,514,0
35,39304.79,581,0
33,42909.33,768,1
37,68068.14,380,1
35,33660.73,789,0
35,32253.56,697,0
42,70877.07,439,1
25,53300.65,445,1
32,87089.6,573,0
46,78444.31,447,1
35,12666.45,835,1
32,46161.13,425,0
26,81862.54,377,1
32,47136.76,344,1
37,65894.29,683,1
37,84919.01,335,0
42,42623.93,322,0
39,35697.33,549,0
49,148773.45,412,1
29,43529.16,518,0
55,131690.57,630,1
45,35633.11,833,0
43,24770.39,546,1
19,45225.01,636,0
47,53807.45,398,0
18,114307.33,501,0
34,48456.08,534,1
18,33787.0,613,0
33,47883.56,449,1
38,27679.21,835,0
34,121124.95,641,1
28,41896.78,506,1
31,46456.38,829,1
18,50724.66,540,0
36,60101.79,484,0
27,23072.35,376,1
42,61099.11,643,1
51,42924.23,474,0
50,82709.25,670,1
21,47928.62,799,1
26,59261.02,655,0
35,51533.57,334,1
43,39210.47,324,0
29,70735.48,378,1
32,75509.82,583,0
35,109267.87,546,0
30,33618.91,566,0
33,83061.97,562,0
33,42708.94,787,1
33,29828.71,422,0
33,101935.04,317,0
37,35805.74,783,1
27,30465.03,733,1
18,28495.89,541,0
29,34090.4,610,0
43,89309.0,690,1
33,50468.24,666,0
22,100589.05,303,0
37,26212.94,478,0
43,39390.6,761,0
18,79828.27,586,1
19,63172.45,623,1
23,53569.17,615,0
23,50724.03,703,1
53,49601.27,590,1
23,68312.96,376,1
43,139707.13,797,1
42,170986.95,744,1
42,60479.72,641,0
38,51833.64,735,1
27,70982.22,534,1
29,76739.52,345,0
23,109509.35,608,1
25,117201.01,730,1
23,47092.51,849,1
34,28396.16,408,1
28,69221.08,551,0
39,54844.73,699,1
46,30209.09,534,1
59,25450.1,817,1
33,142960.13,350,0
19,40816.69,515,1
48,103329.79,493,0
33,39528.09,608,0
42,77300.46,431,0
22,31991.46,490,0
29,26294.89,355,0
36,77210.45,490,0
25,53372.49,385,1
47,28417.26,407,0
51,33679.67,671,0
38,76335.9,790,1
29,28204.22,596,0
27,37970.45,733,0
31,56932.31,428,0
31,48932.61,795,1
27,60350.66,674,0
41,26101.4,466,1
26,27591.57,749,0
34,64605.64,548,1
50,72348.15,703,1
26,106098.63,517,0
35,39093.66,476,0
29,45043.23,591,0
38,40836.3,800,1
29,11340.32,685,0
18,44350.21,593,0
28,29580.29,378,1
26,54550.4,397,0
43,58322.05,618,0
32,52865.01,413,0
34,58247.34,522,0
35,52014.25,712,1
34,72815.68,370,1
22,35351.91,641,0
20,38466.29,445,1
20,44383.46,484,0
24,54346.27,442,1
19,120796.39,789,1
36,26198.08,729,1
60,33280.01,826,1
30,96215.25,678,1
18,26459.21,785,0
35,28206.32,642,1
22,49892.3,342,0
42,48473.48,469,0
35,75207.26,681,1
21,56598.54,421,0
42,82228.5,406,0
32,68488.25,523,0
33,79885.17,572,0
29,24498.31,506,0
62,83011.72,615,1
34,117239.6,433,1
35,67867.01,581,0
35,55955.08,685,0
25,52802.43,324,1
34,43960.3,792,1
34,46856.27,597,0
52,20263.89,775,0
25,94866.88,632,1
48,47497.11,764,1
29,84214.47,466,0
24,29473.24,770,1
40,58057.23,695,0
35,54692.22,826,1
37,41177.7,490,1
39,43604.1,334,1
31,23828.13,682,0
39,22219.58,777,0
41,92893.29,612,1
43,44662.49,730,1
31,82254.38,357,1
31,48178.22,415,1
20,59962.53,600,0
22,163969.12,335,1
39,54264.09,361,0
36,72912.12,824,1
30,63323.39,809,1
31,64550.47,647,0
34,34180.82,743,1
49,30994.8,488,0
43,48616.29,803,1
37,64094.61,450,1
26,42878.61,601,1
32,50998.13,411,0
50,43771.01,812,1
52,74437.73,500,0
45,33469.31,458,0
47,41730.12,583,0
39,55341.0,670,0
20,42354.51,575,1
40,55201.78,664,0
23,78876.19,789,1
23,43205.89,437,1
40,53442.48,685,0
42,57601.28,845,1
47,38821.37,817,0
38,22180.64,666,1
45,28918.31,572,0
27,17033.13,429,1
18,63281.56,320,0
39,56140.75,695,0
30,71803.2,493,0
18,60090.83,469,0
22,47491.18,381,0
49,106919.3,579,1
38,36898.45,351,0
33,32212.02,588,0
39,14280.64,490,0
42,38275.89,769,0
25,30373.1,372,0
28,65043.55,789,1
20,19374.77,732,0
32,68673.72,756,1
19,51836.23,837,1
38,52988.75,636,1
46,38500.64,491,0
33,122851.08,543,0
26,41976.26,849,1
32,50199.84,663,1
39,123355.38,588,0
30,37130.26,615,0
29,42864.48,840,1
32,100608.91,799,1
41,80421.9,615,1
30,48004.81,406,0
26,17603.31,849,0
18,75769.49,402,0
53,75224.82,845,1
43,27384.35,465,0
57,56695.07,566,0
43,59008.78,680,0
40,40616.49,725,1
30,60212.24,610,0
41,26609.11,682,0
30,42536.52,770,1
41,77203.7,786,1
39,69156.63,810,1
32,23781.6,396,0
58,22598.53,829,0
27,77291.64,409,0
43,125113.89,827,1
30,98894.02,589,0
23,42531.38,843,1
29,21821.18,651,1
29,39987.01,549,0
41,78178.86,379,1
43,57549.97,554,0
41,45921.47,836,1
26,20259.65,676,0
30,48206.6,335,0
18,9527.05,515,0
44,58286.06,554,0
43,46277.5,365,0
31,66882.87,565,0
35,69458.15,738,1
18,86559.51,746,1
21,38870.19,476,0
39,25062.52,653,1
24,162457.66,637,1
28,51262.07,673,0
37,47857.14,637,0
33,102034.56,696,1
39,77066.57,826,1
43,53079.33,722,1
46,30862.94,805,1
37,51523.88,406,0
45,28955.84,764,0
35,61199.2,331,0
26,35913.95,511,1
40,30947.37,758,1
43,67304.74,830,1
47,26797.1,487,0
18,45763.04,792,1
27,22069.56,631,1
23,144932.17,779,1
43,73176.09,808,1
23,62792.56,604,0
18,31641.41,788,0
36,48637.19,460,1
53,41821.35,642,0
45,42000.17,577,0
18,91990.53,501,1
36,115574.69,415,1
40,37893.51,712,0
32,22780.65,394,0
37,42773.18,752,1
53,95612.14,562,0
37,142323.22,831,1
25,61128.35,347,0
40,52675.71,713,1
37,20253.62,403,0
33,30472.82,660,0
22,30886.34,693,0
26,39182.29,637,0
49,45699.61,515,0
30,97015.67,772,1
37,64376.16,814,1
24,70467.8,457,1
31,38989.5,674,0
40,54367.98,795,1
34,58348.8,436,0
27,50452.62,455,0
27,36363.97,422,1
18,58019.37,734,1
31,46834.14,322,1
32,73562.05,698,1
27,58414.69,767,1
23,55158.28,718,1
51,50955.9,339,0
38,48544.91,584,0
28,107065.42,363,0
33,58390.01,687,0
33,66946.47,721,1
42,48528.76,436,0
37,48455.04,356,0
26,68177.28,358,1
30,83619.64,448,0
32,61363.23,622,0
37,54685.16,433,1
47,79468.52,567,0
31,75408.76,814,1
30,79668.11,509,0
45,36970.72,438,1
41,22649.7,818,0
29,62381.72,373,0
21,46130.18,615,0
29,38013.32,535,0
36,41966.88,498,0
53,48166.43,755,1
28,29624.89,554,1
27,29993.94,674,0
39,25660.26,347,0
38,55355.25,638,0
28,28733.86,617,0
29,27345.43,461,1
35,57279.67,645,0
49,61206.24,354,0
19,43302.04,548,0
32,60429.16,566,0
35,90734.73,398,0
44,25957.18,474,0
33,103377.67,591,1
46,33969.56,398,0
35,36681.39,822,0
51,133037.01,407,0
21,44669.84,713,1
32,78930.95,683,1
29,90682.37,328,0
36,29404.2,805,0
30,36896.05,459,0
44,51463.95,750,1
36,66070.85,350,0
26,115554.77,672,1
34,92988.69,563,0
43,61527.63,727,1
40,29397.18,660,1
41,119100.67,447,0
38,62272.6,430,0
28,42341.77,484,1
28,83897.87,801,1
24,41024.15,598,0
25,39426.08,426,0
31,29858.86,417,1
45,61988.21,670,0
18,61205.72,426,0
21,26658.57,663,0
36,111502.76,632,1
45,105419.43,369,0
32,40062.8,578,0
23,97376.96,435,0
18,65149.12,595,0
40,36880.13,518,0
34,51794.63,543,0
38,26426.21,432,0
31,68031.66,716,1
35,38017.15,822,1
45,16245.6,736,0
38,31004.88,627,0
38,41795.45,788,1
32,99378.1,476,0
38,21898.27,395,0
44,49905.13,804,1
30,48103.88,336,0
18,77145.32,319,0
38,19097.63,436,0
36,27335.69,310,0
20,70630.46,837,1
45,59852.52,315,0
33,62081.27,771,1
18,36543.52,618,0
22,58941.21,348,0
31,90500.41,799,1
42,59368.99,777,1
32,23926.18,555,0
34,132054.0,845,1
39,60144.58,591,0
41,32108.28,646,0
41,25947.1,384,0
20,114226.06,830,1
49,70973.41,658,1
20,91722.62,832,1
39,47478.87,353,0
32,18897.32,629,1
36,31596.58,500,1
18,61012.45,677,0
28,25188.34,839,0
26,38111.75,331,0
18,30199.52,594,0
33,41018.31,428,0
34,42360.07,309,0
26,34146.98,461,0
33,72047.93,758,1
31,105743.99,797,1
18,27463.13,712,0
20,86443.1,609,1
36,30504.66,672,0
29,30919.11,453,0
43,110409.08,757,1
44,18943.9,801,0
31,25747.87,477,0
32,108097.38,639,1
31,37573.61,419,1
38,96362.7,486,0
24,106754.66,411,0
32,45981.68,381,0
26,95995.17,546,1
41,64490.84,369,1
38,107392.84,315,0
19,60178.14,665,1
21,29415.6,353,1
29,77696.38,550,1
35,59719.08,572,0
37,25752.77,831,0
39,37605.77,849,0
26,21141.83,381,1
41,14507.46,323,1
39,51530.82,780,1
36,18094.32,303,0
32,30467.04,835,0
40,119348.18,347,0
28,27764.18,760,0
24,143510.38,619,1
39,32275.8,772,0
19,28549.0,821,0
44,52346.25,822,1
45,32598.09,333,0
52,63917.87,332,1
39,30441.4,528,0
38,37443.16,846,0
34,60797.41,536,1
36,43715.98,368,0
29,53371.1,717,1
44,39857.34,492,0
51,96811.8,567,0
30,63251.12,613,1
38,155528.0,581,1
30,32883.13,795,0
21,24689.27,831,0
25,37218.35,576,0
19,38719.45,565,1
41,85171.87,358,0
26,63554.42,685,1
34,89982.2,668,1
38,29962.24,675,1
35,31399.22,686,1
29,81606.9,766,1
30,23505.86,357,0
39,25074.9,515,0
46,47138.54,578,1
41,63136.85,628,1
28,32852.16,619,1
25,41890.06,680,1
45,66108.82,576,1
22,38892.24,664,0
32,55458.51,573,0
30,205431.1,432,0
42,45117.05,763,1
41,41276.19,560,0
18,58805.6,548,0
41,13013.26,337,0
45,65446.97,500,1
46,44666.77,573,0
47,33879.25,739,1
21,48758.85,552,0
42,49450.43,615,0
34,72026.55,717,1
63,63636.5,338,1
23,52903.71,435,0
35,104942.76,747,1
38,94579.16,796,1
41,47763.76,671,0
35,21514.19,359,0
30,50429.64,307,0
27,61852.58,392,0
20,25133.66,524,0
44,25683.95,522,0
29,93126.57,693,1
43,54846.67,309,0
38,35384.28,532,1
45,47364.35,713,1
37,92902.36,376,0
31,30345.52,777,1
35,100932.72,392,0
31,27449.81,712,1
44,32431.89,540,0
44,25651.54,565,0
35,82857.67,604,1
39,42100.34,428,0
18,36369.34,715,0
41,87686.33,330,0
44,63267.47,774,1
34,34818.88,386,0
39,37116.31,621,0
18,36265.98,808,0
27,71308.51,352,1
29,33027.41,796,1
42,69243.28,822,1
31,47477.49,479,1
45,41530.69,770,1
33,59003.12,569,1
58,37878.89,577,0
38,115780.35,792,1
51,71996.58,387,1
40,33060.72,561,0
25,36598.99,405,0
52,37659.58,752,0
40,58131.33,401,0
49,102693.0,395,0
27,54742.71,386,0
18,130024.06,776,1
34,88376.85,527,0
25,20405.51,833,1
39,40079.51,304,0
48,20383.41,659,0
59,133953.62,581,0
34,49454.95,658,1
32,39107.48,374,0
18,46047.4,687,1
29,41536.77,376,0
31,35863.86,447,0
44,38857.64,847,1
30,75908.74,507,0
39,35490.32,307,0
18,49868.27,740,1
35,70671.1,777,1
40,27342.05,634,1
18,33325.64,833,0
35,52457.38,401,0
41,41719.9,821,1
22,36852.98,533,0
47,52644.98,782,1
31,37576.86,362,0
34,25356.55,824,0
31,36351.28,312,1
29,124392.23,430,0
38,53350.35,396,1
18,33142.99,603,0
27,91363.38,501,0
38,85724.13,415,0
32,71918.52,333,0
36,53716.91,432,0
24,79879.99,390,0
19,64252.45,848,1
39,23478.44,790,0
38,70386.36,320,1
24,53229.74,378,0
32,37363.74,596,1
40,28603.88,781,1
37,69613.47,302,0
30,89289.03,635,1
30,41944.4,802,1
23,32024.18,699,1
39,54583.68,494,0
40,41392.04,303,1
49,110640.71,839,1
49,43386.84,417,0
36,32585.95,367,1
31,49743.02,711,1
18,26475.96,838,0
31,24242.74,840,0
29,16461.44,835,0
34,63525.44,631,0
36,33354.86,662,0
24,57602.38,536,1
49,59132.19,686,0
25,27452.01,653,1
29,57925.39,765,1
20,44653.86,787,1
47,60378.18,474,1
47,29513.03,476,0
42,43584.09,700,1
21,45387.53,566,1
43,86778.4,564,0
36,99459.08,550,0
37,20551.21,344,1
45,51252.21,675,0
25,28084.79,431,1
41,55757.78,521,0
44,55557.75,609,1
38,44382.79,358,0
18,102784.41,703,1
18,54764.56,422,0
34,38480.31,586,0
32,34873.57,721,0
47,23297.66,841,0
23,22325.26,306,1
32,37458.58,690,0
28,108509.22,691,1
28,97758.76,445,0
31,34911.13,546,0
30,66768.13,371,1
29,26998.52,824,0
32,40859.14,825,1
32,24726.86,723,1
26,42020.34,385,1
24,45628.36,311,0
51,27156.68,357,0
42,48351.35,389,0
48,30087.39,514,0
34,92647.74,556,1
18,74050.64,705,1
27,46268.53,440,0
37,53184.52,376,0
26,32038.85,796,1
39,25177.99,846,1
21,61267.65,315,0
26,55503.21,391,0
29,54112.77,675,1
38,20070.82,734,0
41,69593.36,653,1
27,148378.43,629,1
47,36193.41,589,1
18,52056.42,345,0
37,54449.05,454,0
35,26535.73,752,0
48,33164.55,832,0
30,91945.5,387,1
28,115041.3,476,0
23,33177.85,762,0
32,56943.63,723,1
32,41544.48,657,0
37,25325.57,788,0
46,13674.67,629,0
36,31777.59,497,0
23,32847.57,326,0
36,69307.34,596,0
27,38058.51,759,0
41,73005.98,828,1
56,92096.3,514,0
32,16015.36,693,0
36,76020.38,770,1
20,32875.56,780,0
40,67159.65,445,0
42,95161.27,787,1
44,79528.74,831,1
28,53119.12,539,0
23,23880.28,479,0
38,70723.12,334,0
39,25714.05,542,0
29,55125.56,354,0
52,52838.04,713,1
23,99071.25,305,0
37,38769.54,343,0
47,20863.6,445,0
36,81179.29,374,0
40,88742.4,492,1
39,85758.79,445,0
42,109339.54,458,1
37,19392.48,523,0
34,24949.75,671,0
57,79870.33,385,0
32,26597.17,485,1
30,31463.51,668,1
21,26601.86,710,1
22,50128.9,491,1
43,31781.4,395,1
22,70602.97,518,1
43,65078.85,672,1
51,76607.9,470,0
43,65044.79,476,0
51,43172.97,731,1
40,22919.05,318,0
34,24271.26,417,0
29,80312.53,325,1
37,85863.5,757,1
45,87613.26,645,1
33,44679.38,324,1
25,61820.01,461,0
37,54897.92,484,1
26,46749.06,807,1
47,65761.93,703,1
47,91769.08,622,1
58,82008.87,385,1
18,33279.41,679,0
45,45093.11,405,1
36,61346.98,509,1
55,35204.98,537,0
34,40778.18,409,1
38,39199.45,625,1
27,56987.22,755,1
47,69517.63,346,0
38,41930.87,529,1
41,58828.15,704,1
40,50191.47,570,0
24,150443.1,553,0
49,33426.59,664,0
20,24171.02,317,0
41,41577.23,389,0
27,46918.4,578,0
30,35102.32,849,0
30,31706.1,515,1
28,86849.17,829,1
28,30369.45,645,0
52,54923.69,818,1
32,62506.84,347,0
40,58703.62,793,1
35,29261.86,452,1
56,32756.92,643,0
40,47145.6,803,1
49,29011.92,543,1
53,108325.84,366,1
43,40715.62,325,0
40,15705.37,585,0
41,45578.15,442,0
30,23905.45,703,0
23,101542.36,596,0
32,66666.32,676,0
35,22323.18,696,0
18,52881.67,408,1
31,44021.31,562,0
29,61068.39,657,0
35,51934.98,632,0
41,37825.17,465,0
35,52584.9,702,1
25,51167.29,805,1
41,72099.57,484,0
23,35954.01,377,0
29,81196.34,533,1
24,27111.02,360,1
23,101910.45,352,0
27,49583.32,366,0
30,21164.42,796,1
43,54591.97,806,1
40,88678.56,442,0
22,40421.63,608,0
39,65355.13,542,0
37,47456.59,768,1
49,47871.93,680,1
22,76248.42,364,1
27,39737.93,390,1
60,30692.4,412,0
41,35334.62,322,0
34,40335.84,521,0
38,54987.47,540,0
38,70878.2,512,0
43,47372.02,507,0
25,104045.63,518,0
23,66086.38,353,1
24,24394.53,843,0
39,68326.87,567,0
22,30766.46,465,1
38,60087.31,417,0
44,52926.88,618,0
40,123698.81,634,1
24,47488.32,313,0
52,53704.75,674,1
44,71494.36,561,0
38,57474.1,761,1
39,84151.84,711,1
34,19165.7,616,0
34,37233.14,313,0
45,28288.86,618,0
22,57847.51,771,1
35,65426.32,595,0
31,85425.58,581,1
57,119641.18,691,1
28,54573.01,716,1
41,54157.13,656,0
32,76050.65,726,1
43,171307.88,581,1
26,79353.98,821,1
52,75955.42,775,1
23,90526.45,501,0
29,109340.88,514,0
37,108978.99,807,1
47,142114.45,647,1
28,24405.02,712,0
48,90267.05,492,0
47,41071.75,337,0
40,59324.67,819,1
20,30003.36,691,0
52,41821.11,696,0
18,64665.37,508,0
22,26277.29,407,0
30,25770.93,343,0
57,106277.58,738,1
25,46661.7,808,1
28,23734.97,347,0
43,20265.69,642,1
47,47138.53,580,0
26,64237.67,612,0
36,114953.91,572,0
24,55857.78,609,0
18,57744.11,553,0
31,58120.5,634,0
42,166299.36,678,1
63,109511.71,689,1
47,55442.75,601,0
21,56719.79,770,1
49,60989.45,632,0
48,16721.62,805,0
24,18823.81,506,0
28,40041.07,748,1
32,64269.5,444,0
28,91776.81,504,0
37,27978.34,316,0
37,109365.23,500,0
36,122998.34,394,1
36,84618.76,627,1
29,26561.35,442,1
35,16679.52,320,0
18,27195.92,547,0
26,33875.18,668,0
46,88281.74,732,1
54,37131.25,784,0
57,108736.83,740,1
33,63506.99,496,0
23,53392.11,639,0
18,17276.92,530,0
36,46836.03,332,1
50,27866.81,732,0
27,82404.81,839,1
44,41977.79,413,0
29,82249.37,430,0
42,74112.87,823,1
24,57426.65,724,1
56,51185.65,377,1
27,72072.25,479,0
38,29725.75,467,1
52,42255.23,653,1
43,46030.53,687,0
30,29830.34,548,1
29,73098.65,313,0
33,79356.41,429,1
42,25312.6,427,0
33,37140.96,782,0
18,65232.74,394,0
47,54927.77,698,0
32,31744.98,415,0
34,86734.51,426,1
50,35109.11,676,0
33,86563.25,699,1
32,61862.31,314,0
18,44280.6,747,1
27,25891.82,510,0
18,71290.95,490,0
34,74437.76,608,1
30,40279.81,548,1
31,129474.1,816,1
46,76332.96,504,0
32,61154.14,603,0
29,82569.31,324,0
34,100353.69,763,1
40,123633.61,530,0
24,60973.88,701,1
24,36015.81,609,1
38,45431.26,349,1
42,39928.85,369,0
27,16394.87,518,1
48,70118.74,449,1
24,51260.3,750,1
54,83911.27,313,1
31,17541.74,464,0
38,54500.98,355,1
35,51365.87,742,1
36,29561.38,435,0
37,93718.32,687,1
41,56037.46,440,0
41,58828.13,761,1
44,98368.72,568,1
20,142484.9,806,1
32,31061.83,435,0
26,24188.99,608,1
39,120384.06,583,1
52,33170.99,637,0
39,44426.72,753,1
43,38559.23,394,0
25,39856.48,596,0
33,55575.13,640,0
33,46789.68,792,1
18,20662.13,334,0
43,33404.94,672,0
24,102023.2,424,0
28,33092.77,602,1
39,26892.06,585,1
38,73915.44,758,1
33,55537.79,454,0
37,83987.43,326,1
32,45040.84,541,0
24,42100.49,628,0
19,21751.22,531,0
18,82688.76,791,1
24,20219.26,438,1
37,46746.26,531,0
31,44724.13,713,1
39,165262.65,561,1
35,60692.21,834,1
41,58884.19,416,0
46,27801.04,465,0
22,38611.22,430,1
37,36451.99,780,1
35,45622.07,328,0
49,37300.6,639,1
43,39451.15,761,0
34,72627.38,419,0
49,37722.94,575,0
33,70590.13,405,0
27,34468.53,334,1
39,71305.76,773,1
50,24098.66,362,0
35,60437.96,425,0
56,40392.67,324,1
49,60729.87,765,1
34,24198.02,724,1
32,44353.01,643,0
20,36806.19,322,0
18,64904.31,380,1
29,70344.94,521,1
47,59037.59,652,0
27,108490.75,711,1
38,50870.78,513,0
37,25106.37,338,0
44,71975.69,397,1
28,54512.3,620,0
36,27104.84,798,0
31,33539.81,514,0
42,20707.96,305,1
30,67021.29,325,0
42,58244.07,793,1
44,25172.88,331,0
52,66529.78,556,0
34,51307.87,499,0
35,80741.82,831,1
22,30961.62,543,0
20,43345.28,464,1
42,69962.31,336,0
39,53904.3,622,0
48,43422.94,695,0
44,60630.26,818,1
30,30654.8,659,0
42,36359.66,436,0
19,25172.68,507,0
36,57872.31,747,1
20,61218.07,723,1
48,28847.59,453,0
51,78078.5,481,1
20,70143.78,413,1
18,35898.5,512,0
38,50725.42,420,0
20,53905.95,548,0
41,28023.89,564,0
28,32925.29,584,0
